,CaseID,Event,Date,timestamp,type,sensor
0,1,1,01.10.21,2021-10-01T08:30:00.000000000,FloorSensor,T10_Bed
1,1,2,01.10.21,2021-10-01T08:30:01.500000000,FloorSensor,T11_Bed-Window5_Bedroom-T8_Window
2,1,3,01.10.21,2021-10-01T08:30:03.914213562,FloorSensor,T9_Bathroom-Bed_Bed-Window3_Bedroom-T7_Closet
3,1,4,01.10.21,2021-10-01T08:30:05.121320343,PresenceSensor,Door2_Bathroom
4,1,6,01.10.21,2021-10-01T08:33:24.192388153,ProximitySensor,T11_Bed-Window5_Bedroom-T8_Window
5,1,26,01.10.21,2021-10-01T08:36:33.849242401,PresenceSensor,Door1_Bedroom
6,1,27,01.10.21,2021-10-01T08:36:40.506096649,FloorSensor,T4_Kitchen
7,1,28,01.10.21,2021-10-01T08:36:41.713203430,FloorSensor,T3_Kitchen
8,1,29,01.10.21,2021-10-01T08:36:43.713203430,FloorSensor,T2_Kitchen
9,1,50,01.10.21,2021-10-01T08:38:45.541630554,ProximitySensor,Stove_Stove-T5_Table
10,1,51,01.10.21,2021-10-01T08:38:46.541630554,FloorSensor,T1_Stove
11,1,52,01.10.21,2021-10-01T08:39:04.162950897,ProximitySensor,Stove_Stove-T5_Table
12,1,53,01.10.21,2021-10-01T08:39:05.370057678,FloorSensor,T2_Kitchen
13,1,61,01.10.21,2021-10-01T08:39:44.370057678,ProximitySensor,Stove_Stove-T5_Table
14,1,66,01.10.21,2021-10-01T08:40:33.370057678,FloorSensor,T2_Kitchen
15,1,86,01.10.21,2021-10-01T08:42:46.991378021,FloorSensor,T3_Kitchen
16,1,87,01.10.21,2021-10-01T08:42:49.198484802,FloorSensor,T2_Kitchen
17,1,90,01.10.21,2021-10-01T08:43:38.198484802,FloorSensor,T3_Kitchen
18,1,91,01.10.21,2021-10-01T08:43:39.198484802,FloorSensor,T4_Kitchen
19,1,92,01.10.21,2021-10-01T08:44:06.234018707,ProximitySensor,Stove_Stove-T5_Table
20,1,115,01.10.21,2021-10-01T08:47:56.683766174,FloorSensor,T3_Kitchen
21,1,134,01.10.21,2021-10-01T08:49:29.305086517,FloorSensor,T2_Kitchen
22,1,146,01.10.21,2021-10-01T08:50:28.133513641,FloorSensor,Stove_Stove-T5_Table
23,1,147,01.10.21,2021-10-01T08:50:50.961940765,PresenceSensor,Chair1_Table
24,1,254,01.10.21,2021-10-01T09:08:40.169047546,FloorSensor,T4_Kitchen
25,1,255,01.10.21,2021-10-01T09:08:41.169047546,FloorSensor,T3_Kitchen
26,1,258,01.10.21,2021-10-01T09:08:55.790367889,ProximitySensor,Stove_Stove-T5_Table
27,1,259,01.10.21,2021-10-01T09:08:55.790367889,FloorSensor,T1_Stove
28,1,260,01.10.21,2021-10-01T09:09:21.997474670,ProximitySensor,Stove_Stove-T5_Table
29,1,261,01.10.21,2021-10-01T09:09:21.997474670,FloorSensor,T1_Stove
30,1,262,01.10.21,2021-10-01T09:09:23.997474670,FloorSensor,T2_Kitchen
31,1,265,01.10.21,2021-10-01T09:09:38.997474670,ProximitySensor,Stove_Stove-T5_Table
32,1,267,01.10.21,2021-10-01T09:14:19.411688232,FloorSensor,T3_Kitchen
33,1,268,01.10.21,2021-10-01T09:14:20.411688232,FloorSensor,T4_Kitchen
34,1,269,01.10.21,2021-10-01T09:14:21.411688232,PresenceSensor,Chair1_Table
35,1,270,01.10.21,2021-10-01T09:15:08.033008575,FloorSensor,T3_Kitchen
36,1,271,01.10.21,2021-10-01T09:19:52.861435699,FloorSensor,T4_Kitchen
37,1,272,01.10.21,2021-10-01T09:19:54.068542480,PresenceSensor,Chair1_Table
38,1,274,01.10.21,2021-10-01T09:20:28.518289947,FloorSensor,T3_Kitchen
39,1,275,01.10.21,2021-10-01T09:20:42.725396728,FloorSensor,T2_Kitchen
40,1,278,01.10.21,2021-10-01T09:21:33.346717071,FloorSensor,T3_Kitchen
41,1,279,01.10.21,2021-10-01T09:21:49.175144195,FloorSensor,Stove_Stove-T5_Table
42,1,280,01.10.21,2021-10-01T09:21:52.796464538,PresenceSensor,Door1_Bedroom
43,1,281,01.10.21,2021-10-01T09:21:56.417784881,FloorSensor,T10_Bed
44,1,333,01.10.21,2021-10-01T09:26:20.488852691,PresenceSensor,Door2_Bathroom
45,1,335,01.10.21,2021-10-01T09:34:07.938600158,FloorSensor,T9_Bathroom-Bed_Bed-Window3_Bedroom-T7_Closet
46,2,525,02.10.21,2021-10-02T08:30:00.000000000,FloorSensor,T10_Bed
47,2,526,02.10.21,2021-10-02T08:30:01.500000000,FloorSensor,T11_Bed-Window5_Bedroom-T8_Window
48,2,593,02.10.21,2021-10-02T08:33:43.328427124,PresenceSensor,Door2_Bathroom
49,2,595,02.10.21,2021-10-02T08:40:40.949747467,FloorSensor,T11_Bed-Window5_Bedroom-T8_Window
50,2,596,02.10.21,2021-10-02T08:40:44.985281372,PresenceSensor,Door1_Bedroom
51,2,597,02.10.21,2021-10-02T08:40:51.435028839,FloorSensor,T4_Kitchen
52,2,598,02.10.21,2021-10-02T08:40:52.642135620,FloorSensor,T3_Kitchen
53,2,599,02.10.21,2021-10-02T08:40:54.642135620,FloorSensor,T2_Kitchen
54,2,620,02.10.21,2021-10-02T08:42:55.470562744,ProximitySensor,Stove_Stove-T5_Table
55,2,621,02.10.21,2021-10-02T08:42:56.470562744,FloorSensor,T1_Stove
56,2,622,02.10.21,2021-10-02T08:43:13.091883087,ProximitySensor,Stove_Stove-T5_Table
57,2,623,02.10.21,2021-10-02T08:43:14.298989868,FloorSensor,T2_Kitchen
58,2,631,02.10.21,2021-10-02T08:43:52.298989868,ProximitySensor,Stove_Stove-T5_Table
59,2,636,02.10.21,2021-10-02T08:44:33.298989868,FloorSensor,T2_Kitchen
60,2,651,02.10.21,2021-10-02T08:46:13.920310211,FloorSensor,T3_Kitchen
61,2,652,02.10.21,2021-10-02T08:46:42.748737335,FloorSensor,T2_Kitchen
62,2,655,02.10.21,2021-10-02T08:46:56.955844116,FloorSensor,T3_Kitchen
63,2,656,02.10.21,2021-10-02T08:46:57.955844116,FloorSensor,T4_Kitchen
64,2,658,02.10.21,2021-10-02T08:47:35.612698364,FloorSensor,T2_Kitchen
65,2,663,02.10.21,2021-10-02T08:47:59.612698364,ProximitySensor,Stove_Stove-T5_Table
66,2,680,02.10.21,2021-10-02T08:50:48.612698364,FloorSensor,T2_Kitchen
67,2,681,02.10.21,2021-10-02T08:50:49.612698364,ProximitySensor,Stove_Stove-T5_Table
68,2,685,02.10.21,2021-10-02T08:51:22.612698364,FloorSensor,T2_Kitchen
69,2,717,02.10.21,2021-10-02T08:54:03.234018707,FloorSensor,Stove_Stove-T5_Table
70,2,718,02.10.21,2021-10-02T08:54:29.062445831,PresenceSensor,Chair1_Table
71,2,833,02.10.21,2021-10-02T09:13:32.269552612,FloorSensor,T4_Kitchen
72,2,834,02.10.21,2021-10-02T09:13:33.269552612,FloorSensor,T3_Kitchen
73,2,837,02.10.21,2021-10-02T09:13:45.269552612,FloorSensor,T2_Kitchen
74,2,843,02.10.21,2021-10-02T09:14:12.269552612,ProximitySensor,Stove_Stove-T5_Table
75,2,844,02.10.21,2021-10-02T09:14:13.269552612,FloorSensor,T1_Stove
76,2,845,02.10.21,2021-10-02T09:14:57.305086517,FloorSensor,T4_Kitchen
77,2,846,02.10.21,2021-10-02T09:14:58.512193298,FloorSensor,T3_Kitchen
78,2,847,02.10.21,2021-10-02T09:18:04.133513641,FloorSensor,T2_Kitchen
79,2,848,02.10.21,2021-10-02T09:18:05.340620422,ProximitySensor,Stove_Stove-T5_Table
80,2,850,02.10.21,2021-10-02T09:22:20.376154327,FloorSensor,T4_Kitchen
81,2,851,02.10.21,2021-10-02T09:22:21.583261108,PresenceSensor,Chair1_Table
82,2,853,02.10.21,2021-10-02T09:22:48.033008575,FloorSensor,T3_Kitchen
83,2,854,02.10.21,2021-10-02T09:23:03.240115356,FloorSensor,T2_Kitchen
84,2,857,02.10.21,2021-10-02T09:24:01.861435699,FloorSensor,T3_Kitchen
85,2,858,02.10.21,2021-10-02T09:24:20.689862823,PresenceSensor,Chair1_Table
86,2,859,02.10.21,2021-10-02T09:24:25.518289947,PresenceSensor,Door1_Bedroom
87,2,860,02.10.21,2021-10-02T09:24:32.553823852,PresenceSensor,Door2_Bathroom
88,2,862,02.10.21,2021-10-02T09:33:36.760930633,FloorSensor,T9_Bathroom-Bed_Bed-Window3_Bedroom-T7_Closet
89,2,1004,02.10.21,2021-10-02T09:41:23.417784881,FloorSensor,T10_Bed
90,2,1005,02.10.21,2021-10-02T09:41:29.867532348,FloorSensor,T9_Bathroom-Bed_Bed-Window3_Bedroom-T7_Closet
91,3,1085,03.10.21,2021-10-03T08:30:00.000000000,FloorSensor,T10_Bed
92,3,1086,03.10.21,2021-10-03T08:30:01.500000000,FloorSensor,T11_Bed-Window5_Bedroom-T8_Window
93,3,1158,03.10.21,2021-10-03T08:34:01.328427124,PresenceSensor,Door2_Bathroom
94,3,1160,03.10.21,2021-10-03T08:38:39.949747467,FloorSensor,T11_Bed-Window5_Bedroom-T8_Window
95,3,1161,03.10.21,2021-10-03T08:38:43.985281372,PresenceSensor,Door1_Bedroom
96,3,1162,03.10.21,2021-10-03T08:38:50.435028839,FloorSensor,T4_Kitchen
97,3,1163,03.10.21,2021-10-03T08:38:51.642135620,FloorSensor,T3_Kitchen
98,3,1164,03.10.21,2021-10-03T08:38:53.642135620,FloorSensor,T2_Kitchen
99,3,1183,03.10.21,2021-10-03T08:40:45.470562744,ProximitySensor,Stove_Stove-T5_Table
100,3,1184,03.10.21,2021-10-03T08:40:46.470562744,FloorSensor,T1_Stove
101,3,1185,03.10.21,2021-10-03T08:41:00.091883087,ProximitySensor,Stove_Stove-T5_Table
102,3,1186,03.10.21,2021-10-03T08:41:01.298989868,FloorSensor,T2_Kitchen
103,3,1195,03.10.21,2021-10-03T08:41:42.298989868,ProximitySensor,Stove_Stove-T5_Table
104,3,1200,03.10.21,2021-10-03T08:42:23.298989868,FloorSensor,T2_Kitchen
105,3,1215,03.10.21,2021-10-03T08:44:10.920310211,FloorSensor,T3_Kitchen
106,3,1216,03.10.21,2021-10-03T08:44:40.748737335,FloorSensor,T2_Kitchen
107,3,1219,03.10.21,2021-10-03T08:44:53.955844116,FloorSensor,T3_Kitchen
108,3,1220,03.10.21,2021-10-03T08:44:54.955844116,FloorSensor,T4_Kitchen
109,3,1222,03.10.21,2021-10-03T08:45:31.612698364,FloorSensor,T2_Kitchen
110,3,1229,03.10.21,2021-10-03T08:46:05.612698364,ProximitySensor,Stove_Stove-T5_Table
111,3,1250,03.10.21,2021-10-03T08:49:31.612698364,FloorSensor,T2_Kitchen
112,3,1251,03.10.21,2021-10-03T08:49:35.612698364,ProximitySensor,Stove_Stove-T5_Table
113,3,1255,03.10.21,2021-10-03T08:50:08.612698364,FloorSensor,T2_Kitchen
114,3,1284,03.10.21,2021-10-03T08:52:34.234018707,FloorSensor,Stove_Stove-T5_Table
115,3,1285,03.10.21,2021-10-03T08:53:09.062445831,PresenceSensor,Chair1_Table
116,3,1368,03.10.21,2021-10-03T09:06:56.269552612,FloorSensor,T4_Kitchen
117,3,1369,03.10.21,2021-10-03T09:06:57.269552612,FloorSensor,T3_Kitchen
118,3,1372,03.10.21,2021-10-03T09:07:12.269552612,FloorSensor,T2_Kitchen
119,3,1377,03.10.21,2021-10-03T09:07:37.269552612,ProximitySensor,Stove_Stove-T5_Table
120,3,1378,03.10.21,2021-10-03T09:07:38.269552612,FloorSensor,T1_Stove
121,3,1379,03.10.21,2021-10-03T09:08:43.305086517,FloorSensor,T4_Kitchen
122,3,1380,03.10.21,2021-10-03T09:08:44.512193298,FloorSensor,T3_Kitchen
123,3,1381,03.10.21,2021-10-03T09:12:40.133513641,FloorSensor,T2_Kitchen
124,3,1382,03.10.21,2021-10-03T09:12:41.340620422,ProximitySensor,Stove_Stove-T5_Table
125,3,1384,03.10.21,2021-10-03T09:16:58.376154327,FloorSensor,T4_Kitchen
126,3,1385,03.10.21,2021-10-03T09:16:59.583261108,PresenceSensor,Chair1_Table
127,3,1387,03.10.21,2021-10-03T09:17:20.033008575,FloorSensor,T3_Kitchen
128,3,1388,03.10.21,2021-10-03T09:17:31.240115356,FloorSensor,T2_Kitchen
129,3,1391,03.10.21,2021-10-03T09:18:23.861435699,FloorSensor,T3_Kitchen
130,3,1392,03.10.21,2021-10-03T09:18:42.689862823,PresenceSensor,Chair1_Table
131,3,1393,03.10.21,2021-10-03T09:18:47.518289947,PresenceSensor,Door1_Bedroom
132,3,1394,03.10.21,2021-10-03T09:18:54.553823852,PresenceSensor,Door2_Bathroom
133,3,1396,03.10.21,2021-10-03T09:25:56.760930633,FloorSensor,T9_Bathroom-Bed_Bed-Window3_Bedroom-T7_Closet
134,3,1544,03.10.21,2021-10-03T09:34:04.417784881,FloorSensor,T10_Bed
135,3,1545,03.10.21,2021-10-03T09:34:10.867532348,FloorSensor,T9_Bathroom-Bed_Bed-Window3_Bedroom-T7_Closet
136,4,1661,04.10.21,2021-10-04T08:30:00.000000000,FloorSensor,T10_Bed
137,4,1662,04.10.21,2021-10-04T08:30:01.500000000,FloorSensor,T11_Bed-Window5_Bedroom-T8_Window
138,4,1707,04.10.21,2021-10-04T08:32:29.328427124,PresenceSensor,Door2_Bathroom
139,4,1709,04.10.21,2021-10-04T08:36:35.949747467,FloorSensor,T11_Bed-Window5_Bedroom-T8_Window
140,4,1710,04.10.21,2021-10-04T08:36:39.985281372,PresenceSensor,Door1_Bedroom
141,4,1711,04.10.21,2021-10-04T08:36:46.435028839,FloorSensor,T4_Kitchen
142,4,1712,04.10.21,2021-10-04T08:36:47.642135620,FloorSensor,T3_Kitchen
143,4,1713,04.10.21,2021-10-04T08:36:49.642135620,FloorSensor,T2_Kitchen
144,4,1734,04.10.21,2021-10-04T08:38:51.470562744,ProximitySensor,Stove_Stove-T5_Table
145,4,1735,04.10.21,2021-10-04T08:38:52.470562744,FloorSensor,T1_Stove
146,4,1736,04.10.21,2021-10-04T08:39:10.091883087,ProximitySensor,Stove_Stove-T5_Table
147,4,1737,04.10.21,2021-10-04T08:39:11.298989868,FloorSensor,T2_Kitchen
148,4,1745,04.10.21,2021-10-04T08:39:51.298989868,ProximitySensor,Stove_Stove-T5_Table
149,4,1750,04.10.21,2021-10-04T08:40:34.298989868,FloorSensor,T2_Kitchen
150,4,1764,04.10.21,2021-10-04T08:42:08.920310211,FloorSensor,T3_Kitchen
151,4,1765,04.10.21,2021-10-04T08:42:39.748737335,FloorSensor,T2_Kitchen
152,4,1768,04.10.21,2021-10-04T08:42:53.955844116,FloorSensor,T3_Kitchen
153,4,1769,04.10.21,2021-10-04T08:42:54.955844116,FloorSensor,T4_Kitchen
154,4,1771,04.10.21,2021-10-04T08:43:35.612698364,FloorSensor,T2_Kitchen
155,4,1778,04.10.21,2021-10-04T08:44:06.612698364,ProximitySensor,Stove_Stove-T5_Table
156,4,1798,04.10.21,2021-10-04T08:47:20.612698364,FloorSensor,T2_Kitchen
157,4,1799,04.10.21,2021-10-04T08:47:26.612698364,ProximitySensor,Stove_Stove-T5_Table
158,4,1803,04.10.21,2021-10-04T08:48:03.612698364,FloorSensor,T2_Kitchen
159,4,1832,04.10.21,2021-10-04T08:50:28.234018707,FloorSensor,Stove_Stove-T5_Table
160,4,1833,04.10.21,2021-10-04T08:50:56.062445831,PresenceSensor,Chair1_Table
161,4,1960,04.10.21,2021-10-04T09:12:04.269552612,FloorSensor,T4_Kitchen
162,4,1961,04.10.21,2021-10-04T09:12:05.269552612,FloorSensor,T3_Kitchen
163,4,1964,04.10.21,2021-10-04T09:12:21.269552612,FloorSensor,T2_Kitchen
164,4,1969,04.10.21,2021-10-04T09:12:42.269552612,ProximitySensor,Stove_Stove-T5_Table
165,4,1970,04.10.21,2021-10-04T09:12:43.269552612,FloorSensor,T1_Stove
166,4,1971,04.10.21,2021-10-04T09:13:34.305086517,FloorSensor,T4_Kitchen
167,4,1972,04.10.21,2021-10-04T09:13:35.512193298,FloorSensor,T3_Kitchen
168,4,1973,04.10.21,2021-10-04T09:16:39.133513641,FloorSensor,T2_Kitchen
169,4,1974,04.10.21,2021-10-04T09:16:40.340620422,ProximitySensor,Stove_Stove-T5_Table
170,4,1976,04.10.21,2021-10-04T09:21:45.376154327,FloorSensor,T4_Kitchen
171,4,1977,04.10.21,2021-10-04T09:21:46.583261108,PresenceSensor,Chair1_Table
172,4,1979,04.10.21,2021-10-04T09:22:10.033008575,FloorSensor,T3_Kitchen
173,4,1980,04.10.21,2021-10-04T09:22:23.240115356,FloorSensor,T2_Kitchen
174,4,1983,04.10.21,2021-10-04T09:23:21.861435699,FloorSensor,T3_Kitchen
175,4,1984,04.10.21,2021-10-04T09:23:36.689862823,PresenceSensor,Chair1_Table
176,4,1985,04.10.21,2021-10-04T09:23:41.518289947,PresenceSensor,Door1_Bedroom
177,4,1986,04.10.21,2021-10-04T09:23:48.553823852,PresenceSensor,Door2_Bathroom
178,4,1988,04.10.21,2021-10-04T09:31:29.760930633,FloorSensor,T9_Bathroom-Bed_Bed-Window3_Bedroom-T7_Closet
179,4,2127,04.10.21,2021-10-04T09:39:10.417784881,FloorSensor,T10_Bed
180,4,2128,04.10.21,2021-10-04T09:39:16.867532348,FloorSensor,T9_Bathroom-Bed_Bed-Window3_Bedroom-T7_Closet
181,5,2214,05.10.21,2021-10-05T08:30:00.000000000,FloorSensor,T10_Bed
182,5,2215,05.10.21,2021-10-05T08:30:01.500000000,FloorSensor,T11_Bed-Window5_Bedroom-T8_Window
183,5,2288,05.10.21,2021-10-05T08:34:07.328427124,PresenceSensor,Door2_Bathroom
184,5,2290,05.10.21,2021-10-05T08:39:12.949747467,FloorSensor,T11_Bed-Window5_Bedroom-T8_Window
185,5,2291,05.10.21,2021-10-05T08:39:16.985281372,PresenceSensor,Door1_Bedroom
186,5,2292,05.10.21,2021-10-05T08:39:23.435028839,FloorSensor,T4_Kitchen
187,5,2293,05.10.21,2021-10-05T08:39:24.642135620,FloorSensor,T3_Kitchen
188,5,2294,05.10.21,2021-10-05T08:39:26.642135620,FloorSensor,T2_Kitchen
189,5,2315,05.10.21,2021-10-05T08:41:25.470562744,ProximitySensor,Stove_Stove-T5_Table
190,5,2316,05.10.21,2021-10-05T08:41:26.470562744,FloorSensor,T1_Stove
191,5,2317,05.10.21,2021-10-05T08:41:41.091883087,ProximitySensor,Stove_Stove-T5_Table
192,5,2318,05.10.21,2021-10-05T08:41:42.298989868,FloorSensor,T2_Kitchen
193,5,2326,05.10.21,2021-10-05T08:42:21.298989868,ProximitySensor,Stove_Stove-T5_Table
194,5,2331,05.10.21,2021-10-05T08:43:05.298989868,FloorSensor,T2_Kitchen
195,5,2347,05.10.21,2021-10-05T08:44:53.920310211,FloorSensor,T3_Kitchen
196,5,2348,05.10.21,2021-10-05T08:45:27.748737335,FloorSensor,T2_Kitchen
197,5,2351,05.10.21,2021-10-05T08:45:40.955844116,FloorSensor,T3_Kitchen
198,5,2352,05.10.21,2021-10-05T08:45:41.955844116,FloorSensor,T4_Kitchen
199,5,2354,05.10.21,2021-10-05T08:46:31.612698364,FloorSensor,T2_Kitchen
200,5,2359,05.10.21,2021-10-05T08:46:55.612698364,ProximitySensor,Stove_Stove-T5_Table
201,5,2375,05.10.21,2021-10-05T08:49:28.612698364,FloorSensor,T2_Kitchen
202,5,2376,05.10.21,2021-10-05T08:49:35.612698364,ProximitySensor,Stove_Stove-T5_Table
203,5,2379,05.10.21,2021-10-05T08:49:59.612698364,FloorSensor,T2_Kitchen
204,5,2412,05.10.21,2021-10-05T08:52:44.234018707,FloorSensor,Stove_Stove-T5_Table
205,5,2413,05.10.21,2021-10-05T08:53:11.062445831,PresenceSensor,Chair1_Table
206,5,2556,05.10.21,2021-10-05T09:16:51.269552612,FloorSensor,T4_Kitchen
207,5,2557,05.10.21,2021-10-05T09:16:52.269552612,FloorSensor,T3_Kitchen
208,5,2560,05.10.21,2021-10-05T09:17:05.269552612,FloorSensor,T2_Kitchen
209,5,2566,05.10.21,2021-10-05T09:17:33.269552612,ProximitySensor,Stove_Stove-T5_Table
210,5,2567,05.10.21,2021-10-05T09:17:34.269552612,FloorSensor,T1_Stove
211,5,2568,05.10.21,2021-10-05T09:18:44.305086517,FloorSensor,T4_Kitchen
212,5,2569,05.10.21,2021-10-05T09:18:45.512193298,FloorSensor,T3_Kitchen
213,5,2570,05.10.21,2021-10-05T09:23:29.133513641,FloorSensor,T2_Kitchen
214,5,2571,05.10.21,2021-10-05T09:23:30.340620422,ProximitySensor,Stove_Stove-T5_Table
215,5,2573,05.10.21,2021-10-05T09:27:55.376154327,FloorSensor,T4_Kitchen
216,5,2574,05.10.21,2021-10-05T09:27:56.583261108,PresenceSensor,Chair1_Table
217,5,2576,05.10.21,2021-10-05T09:28:28.033008575,FloorSensor,T3_Kitchen
218,5,2577,05.10.21,2021-10-05T09:28:40.240115356,FloorSensor,T2_Kitchen
219,5,2580,05.10.21,2021-10-05T09:29:30.861435699,FloorSensor,T3_Kitchen
220,5,2581,05.10.21,2021-10-05T09:29:48.689862823,PresenceSensor,Chair1_Table
221,5,2582,05.10.21,2021-10-05T09:29:53.518289947,PresenceSensor,Door1_Bedroom
222,5,2583,05.10.21,2021-10-05T09:30:00.553823852,PresenceSensor,Door2_Bathroom
223,5,2585,05.10.21,2021-10-05T09:37:22.760930633,FloorSensor,T9_Bathroom-Bed_Bed-Window3_Bedroom-T7_Closet
224,5,2751,05.10.21,2021-10-05T09:46:30.417784881,FloorSensor,T10_Bed
225,5,2752,05.10.21,2021-10-05T09:46:36.867532348,FloorSensor,T9_Bathroom-Bed_Bed-Window3_Bedroom-T7_Closet
226,6,2859,06.10.21,2021-10-06T08:30:00.000000000,FloorSensor,T10_Bed
227,6,2860,06.10.21,2021-10-06T08:30:01.500000000,FloorSensor,T11_Bed-Window5_Bedroom-T8_Window
228,6,2900,06.10.21,2021-10-06T08:32:13.328427124,PresenceSensor,Door2_Bathroom
229,6,2902,06.10.21,2021-10-06T08:38:26.949747467,FloorSensor,T11_Bed-Window5_Bedroom-T8_Window
230,6,2903,06.10.21,2021-10-06T08:38:30.985281372,PresenceSensor,Door1_Bedroom
231,6,2904,06.10.21,2021-10-06T08:38:37.435028839,FloorSensor,T4_Kitchen
232,6,2905,06.10.21,2021-10-06T08:38:38.642135620,FloorSensor,T3_Kitchen
233,6,2906,06.10.21,2021-10-06T08:38:40.642135620,FloorSensor,T2_Kitchen
234,6,2927,06.10.21,2021-10-06T08:40:37.470562744,ProximitySensor,Stove_Stove-T5_Table
235,6,2928,06.10.21,2021-10-06T08:40:38.470562744,FloorSensor,T1_Stove
236,6,2929,06.10.21,2021-10-06T08:40:54.091883087,ProximitySensor,Stove_Stove-T5_Table
237,6,2930,06.10.21,2021-10-06T08:40:55.298989868,FloorSensor,T2_Kitchen
238,6,2938,06.10.21,2021-10-06T08:41:34.298989868,ProximitySensor,Stove_Stove-T5_Table
239,6,2943,06.10.21,2021-10-06T08:42:16.298989868,FloorSensor,T2_Kitchen
240,6,2958,06.10.21,2021-10-06T08:44:05.920310211,FloorSensor,T3_Kitchen
241,6,2959,06.10.21,2021-10-06T08:44:39.748737335,FloorSensor,T2_Kitchen
242,6,2962,06.10.21,2021-10-06T08:44:52.955844116,FloorSensor,T3_Kitchen
243,6,2963,06.10.21,2021-10-06T08:44:53.955844116,FloorSensor,T4_Kitchen
244,6,2965,06.10.21,2021-10-06T08:45:49.612698364,FloorSensor,T2_Kitchen
245,6,2971,06.10.21,2021-10-06T08:46:15.612698364,ProximitySensor,Stove_Stove-T5_Table
246,6,2989,06.10.21,2021-10-06T08:49:15.612698364,FloorSensor,T2_Kitchen
247,6,2990,06.10.21,2021-10-06T08:49:16.612698364,ProximitySensor,Stove_Stove-T5_Table
248,6,2994,06.10.21,2021-10-06T08:49:49.612698364,FloorSensor,T2_Kitchen
249,6,3024,06.10.21,2021-10-06T08:52:22.234018707,FloorSensor,Stove_Stove-T5_Table
250,6,3025,06.10.21,2021-10-06T08:52:52.062445831,PresenceSensor,Chair1_Table
251,6,3147,06.10.21,2021-10-06T09:13:09.269552612,FloorSensor,T4_Kitchen
252,6,3148,06.10.21,2021-10-06T09:13:10.269552612,FloorSensor,T3_Kitchen
253,6,3151,06.10.21,2021-10-06T09:13:25.269552612,FloorSensor,T2_Kitchen
254,6,3156,06.10.21,2021-10-06T09:13:48.269552612,ProximitySensor,Stove_Stove-T5_Table
255,6,3157,06.10.21,2021-10-06T09:13:49.269552612,FloorSensor,T1_Stove
256,6,3158,06.10.21,2021-10-06T09:14:56.305086517,FloorSensor,T4_Kitchen
257,6,3159,06.10.21,2021-10-06T09:14:57.512193298,FloorSensor,T3_Kitchen
258,6,3160,06.10.21,2021-10-06T09:18:56.133513641,FloorSensor,T2_Kitchen
259,6,3161,06.10.21,2021-10-06T09:18:57.340620422,ProximitySensor,Stove_Stove-T5_Table
260,6,3163,06.10.21,2021-10-06T09:23:25.376154327,FloorSensor,T4_Kitchen
261,6,3164,06.10.21,2021-10-06T09:23:26.583261108,PresenceSensor,Chair1_Table
262,6,3166,06.10.21,2021-10-06T09:23:54.033008575,FloorSensor,T3_Kitchen
263,6,3167,06.10.21,2021-10-06T09:24:04.240115356,FloorSensor,T2_Kitchen
264,6,3170,06.10.21,2021-10-06T09:24:56.861435699,FloorSensor,T3_Kitchen
265,6,3171,06.10.21,2021-10-06T09:25:11.689862823,PresenceSensor,Chair1_Table
266,6,3172,06.10.21,2021-10-06T09:25:16.518289947,PresenceSensor,Door1_Bedroom
267,6,3173,06.10.21,2021-10-06T09:25:23.553823852,PresenceSensor,Door2_Bathroom
268,6,3175,06.10.21,2021-10-06T09:33:53.760930633,FloorSensor,T9_Bathroom-Bed_Bed-Window3_Bedroom-T7_Closet
269,6,3324,06.10.21,2021-10-06T09:42:06.417784881,FloorSensor,T10_Bed
270,6,3325,06.10.21,2021-10-06T09:42:12.867532348,FloorSensor,T9_Bathroom-Bed_Bed-Window3_Bedroom-T7_Closet
271,7,3441,07.10.21,2021-10-07T08:30:00.000000000,FloorSensor,T10_Bed
272,7,3442,07.10.21,2021-10-07T08:30:01.500000000,FloorSensor,T11_Bed-Window5_Bedroom-T8_Window
273,7,3503,07.10.21,2021-10-07T08:33:23.328427124,PresenceSensor,Door2_Bathroom
274,7,3505,07.10.21,2021-10-07T08:39:52.949747467,FloorSensor,T11_Bed-Window5_Bedroom-T8_Window
275,7,3506,07.10.21,2021-10-07T08:39:56.985281372,PresenceSensor,Door1_Bedroom
276,7,3507,07.10.21,2021-10-07T08:40:03.435028839,FloorSensor,T4_Kitchen
277,7,3508,07.10.21,2021-10-07T08:40:04.642135620,FloorSensor,T3_Kitchen
278,7,3509,07.10.21,2021-10-07T08:40:06.642135620,FloorSensor,T2_Kitchen
279,7,3530,07.10.21,2021-10-07T08:42:07.470562744,ProximitySensor,Stove_Stove-T5_Table
280,7,3531,07.10.21,2021-10-07T08:42:08.470562744,FloorSensor,T1_Stove
281,7,3532,07.10.21,2021-10-07T08:42:26.091883087,ProximitySensor,Stove_Stove-T5_Table
282,7,3533,07.10.21,2021-10-07T08:42:27.298989868,FloorSensor,T2_Kitchen
283,7,3541,07.10.21,2021-10-07T08:43:05.298989868,ProximitySensor,Stove_Stove-T5_Table
284,7,3546,07.10.21,2021-10-07T08:43:46.298989868,FloorSensor,T2_Kitchen
285,7,3560,07.10.21,2021-10-07T08:45:17.920310211,FloorSensor,T3_Kitchen
286,7,3561,07.10.21,2021-10-07T08:45:48.748737335,FloorSensor,T2_Kitchen
287,7,3564,07.10.21,2021-10-07T08:46:00.955844116,FloorSensor,T3_Kitchen
288,7,3565,07.10.21,2021-10-07T08:46:01.955844116,FloorSensor,T4_Kitchen
289,7,3567,07.10.21,2021-10-07T08:46:42.612698364,FloorSensor,T2_Kitchen
290,7,3574,07.10.21,2021-10-07T08:47:17.612698364,ProximitySensor,Stove_Stove-T5_Table
291,7,3590,07.10.21,2021-10-07T08:49:56.612698364,FloorSensor,T2_Kitchen
292,7,3591,07.10.21,2021-10-07T08:49:57.612698364,ProximitySensor,Stove_Stove-T5_Table
293,7,3596,07.10.21,2021-10-07T08:50:39.612698364,FloorSensor,T2_Kitchen
294,7,3630,07.10.21,2021-10-07T08:53:32.234018707,FloorSensor,Stove_Stove-T5_Table
295,7,3631,07.10.21,2021-10-07T08:54:12.062445831,PresenceSensor,Chair1_Table
296,7,3730,07.10.21,2021-10-07T09:10:34.269552612,FloorSensor,T4_Kitchen
297,7,3731,07.10.21,2021-10-07T09:10:35.269552612,FloorSensor,T3_Kitchen
298,7,3734,07.10.21,2021-10-07T09:10:50.269552612,FloorSensor,T2_Kitchen
299,7,3739,07.10.21,2021-10-07T09:11:13.269552612,ProximitySensor,Stove_Stove-T5_Table
300,7,3740,07.10.21,2021-10-07T09:11:14.269552612,FloorSensor,T1_Stove
301,7,3741,07.10.21,2021-10-07T09:11:54.305086517,FloorSensor,T4_Kitchen
302,7,3742,07.10.21,2021-10-07T09:11:55.512193298,FloorSensor,T3_Kitchen
303,7,3743,07.10.21,2021-10-07T09:15:57.133513641,FloorSensor,T2_Kitchen
304,7,3744,07.10.21,2021-10-07T09:15:58.340620422,ProximitySensor,Stove_Stove-T5_Table
305,7,3746,07.10.21,2021-10-07T09:19:53.376154327,FloorSensor,T4_Kitchen
306,7,3747,07.10.21,2021-10-07T09:19:54.583261108,PresenceSensor,Chair1_Table
307,7,3749,07.10.21,2021-10-07T09:20:17.033008575,FloorSensor,T3_Kitchen
308,7,3750,07.10.21,2021-10-07T09:20:28.240115356,FloorSensor,T2_Kitchen
309,7,3753,07.10.21,2021-10-07T09:21:23.861435699,FloorSensor,T3_Kitchen
310,7,3754,07.10.21,2021-10-07T09:21:42.689862823,PresenceSensor,Chair1_Table
311,7,3755,07.10.21,2021-10-07T09:21:47.518289947,PresenceSensor,Door1_Bedroom
312,7,3756,07.10.21,2021-10-07T09:21:54.553823852,PresenceSensor,Door2_Bathroom
313,7,3758,07.10.21,2021-10-07T09:28:25.760930633,FloorSensor,T9_Bathroom-Bed_Bed-Window3_Bedroom-T7_Closet
314,7,3932,07.10.21,2021-10-07T09:38:01.417784881,FloorSensor,T10_Bed
315,7,3933,07.10.21,2021-10-07T09:38:07.867532348,FloorSensor,T9_Bathroom-Bed_Bed-Window3_Bedroom-T7_Closet
316,8,4046,08.10.21,2021-10-08T08:30:00.000000000,FloorSensor,T10_Bed
317,8,4047,08.10.21,2021-10-08T08:30:01.500000000,FloorSensor,T11_Bed-Window5_Bedroom-T8_Window
318,8,4087,08.10.21,2021-10-08T08:32:16.328427124,PresenceSensor,Door2_Bathroom
319,8,4089,08.10.21,2021-10-08T08:38:41.949747467,FloorSensor,T11_Bed-Window5_Bedroom-T8_Window
320,8,4090,08.10.21,2021-10-08T08:38:45.985281372,PresenceSensor,Door1_Bedroom
321,8,4091,08.10.21,2021-10-08T08:38:52.435028839,FloorSensor,T4_Kitchen
322,8,4092,08.10.21,2021-10-08T08:38:53.642135620,FloorSensor,T3_Kitchen
323,8,4093,08.10.21,2021-10-08T08:38:55.642135620,FloorSensor,T2_Kitchen
324,8,4114,08.10.21,2021-10-08T08:40:57.470562744,ProximitySensor,Stove_Stove-T5_Table
325,8,4115,08.10.21,2021-10-08T08:40:58.470562744,FloorSensor,T1_Stove
326,8,4116,08.10.21,2021-10-08T08:41:12.091883087,ProximitySensor,Stove_Stove-T5_Table
327,8,4117,08.10.21,2021-10-08T08:41:13.298989868,FloorSensor,T2_Kitchen
328,8,4124,08.10.21,2021-10-08T08:41:46.298989868,ProximitySensor,Stove_Stove-T5_Table
329,8,4129,08.10.21,2021-10-08T08:42:28.298989868,FloorSensor,T2_Kitchen
330,8,4144,08.10.21,2021-10-08T08:44:08.920310211,FloorSensor,T3_Kitchen
331,8,4145,08.10.21,2021-10-08T08:44:41.748737335,FloorSensor,T2_Kitchen
332,8,4148,08.10.21,2021-10-08T08:44:54.955844116,FloorSensor,T3_Kitchen
333,8,4149,08.10.21,2021-10-08T08:44:55.955844116,FloorSensor,T4_Kitchen
334,8,4151,08.10.21,2021-10-08T08:45:45.612698364,FloorSensor,T2_Kitchen
335,8,4157,08.10.21,2021-10-08T08:46:12.612698364,ProximitySensor,Stove_Stove-T5_Table
336,8,4176,08.10.21,2021-10-08T08:49:22.612698364,FloorSensor,T2_Kitchen
337,8,4177,08.10.21,2021-10-08T08:49:23.612698364,ProximitySensor,Stove_Stove-T5_Table
338,8,4180,08.10.21,2021-10-08T08:49:48.612698364,FloorSensor,T2_Kitchen
339,8,4208,08.10.21,2021-10-08T08:52:11.234018707,FloorSensor,Stove_Stove-T5_Table
340,8,4209,08.10.21,2021-10-08T08:52:48.062445831,PresenceSensor,Chair1_Table
341,8,4329,08.10.21,2021-10-08T09:12:42.269552612,FloorSensor,T4_Kitchen
342,8,4330,08.10.21,2021-10-08T09:12:43.269552612,FloorSensor,T3_Kitchen
343,8,4333,08.10.21,2021-10-08T09:12:59.269552612,FloorSensor,T2_Kitchen
344,8,4338,08.10.21,2021-10-08T09:13:23.269552612,ProximitySensor,Stove_Stove-T5_Table
345,8,4339,08.10.21,2021-10-08T09:13:24.269552612,FloorSensor,T1_Stove
346,8,4340,08.10.21,2021-10-08T09:14:16.305086517,FloorSensor,T4_Kitchen
347,8,4341,08.10.21,2021-10-08T09:14:17.512193298,FloorSensor,T3_Kitchen
348,8,4342,08.10.21,2021-10-08T09:18:41.133513641,FloorSensor,T2_Kitchen
349,8,4343,08.10.21,2021-10-08T09:18:42.340620422,ProximitySensor,Stove_Stove-T5_Table
350,8,4345,08.10.21,2021-10-08T09:22:41.376154327,FloorSensor,T4_Kitchen
351,8,4346,08.10.21,2021-10-08T09:22:42.583261108,PresenceSensor,Chair1_Table
352,8,4348,08.10.21,2021-10-08T09:23:08.033008575,FloorSensor,T3_Kitchen
353,8,4349,08.10.21,2021-10-08T09:23:22.240115356,FloorSensor,T2_Kitchen
354,8,4352,08.10.21,2021-10-08T09:24:14.861435699,FloorSensor,T3_Kitchen
355,8,4353,08.10.21,2021-10-08T09:24:31.689862823,PresenceSensor,Chair1_Table
356,8,4354,08.10.21,2021-10-08T09:24:36.518289947,PresenceSensor,Door1_Bedroom
357,8,4355,08.10.21,2021-10-08T09:24:43.553823852,PresenceSensor,Door2_Bathroom
358,8,4357,08.10.21,2021-10-08T09:33:37.760930633,FloorSensor,T9_Bathroom-Bed_Bed-Window3_Bedroom-T7_Closet
359,8,4508,08.10.21,2021-10-08T09:41:55.417784881,FloorSensor,T10_Bed
360,8,4509,08.10.21,2021-10-08T09:42:01.867532348,FloorSensor,T9_Bathroom-Bed_Bed-Window3_Bedroom-T7_Closet
361,9,4649,09.10.21,2021-10-09T08:30:00.000000000,FloorSensor,T10_Bed
362,9,4650,09.10.21,2021-10-09T08:30:01.500000000,FloorSensor,T11_Bed-Window5_Bedroom-T8_Window
363,9,4732,09.10.21,2021-10-09T08:34:33.328427124,PresenceSensor,Door2_Bathroom
364,9,4734,09.10.21,2021-10-09T08:39:08.949747467,FloorSensor,T11_Bed-Window5_Bedroom-T8_Window
365,9,4735,09.10.21,2021-10-09T08:39:12.985281372,PresenceSensor,Door1_Bedroom
366,9,4736,09.10.21,2021-10-09T08:39:19.435028839,FloorSensor,T4_Kitchen
367,9,4737,09.10.21,2021-10-09T08:39:20.642135620,FloorSensor,T3_Kitchen
368,9,4738,09.10.21,2021-10-09T08:39:22.642135620,FloorSensor,T2_Kitchen
369,9,4757,09.10.21,2021-10-09T08:41:11.470562744,ProximitySensor,Stove_Stove-T5_Table
370,9,4758,09.10.21,2021-10-09T08:41:12.470562744,FloorSensor,T1_Stove
371,9,4759,09.10.21,2021-10-09T08:41:26.091883087,ProximitySensor,Stove_Stove-T5_Table
372,9,4760,09.10.21,2021-10-09T08:41:27.298989868,FloorSensor,T2_Kitchen
373,9,4767,09.10.21,2021-10-09T08:42:02.298989868,ProximitySensor,Stove_Stove-T5_Table
374,9,4772,09.10.21,2021-10-09T08:42:52.298989868,FloorSensor,T2_Kitchen
375,9,4788,09.10.21,2021-10-09T08:44:33.920310211,FloorSensor,T3_Kitchen
376,9,4789,09.10.21,2021-10-09T08:45:01.748737335,FloorSensor,T2_Kitchen
377,9,4792,09.10.21,2021-10-09T08:45:16.955844116,FloorSensor,T3_Kitchen
378,9,4793,09.10.21,2021-10-09T08:45:17.955844116,FloorSensor,T4_Kitchen
379,9,4795,09.10.21,2021-10-09T08:46:01.612698364,FloorSensor,T2_Kitchen
380,9,4801,09.10.21,2021-10-09T08:46:28.612698364,ProximitySensor,Stove_Stove-T5_Table
381,9,4821,09.10.21,2021-10-09T08:49:47.612698364,FloorSensor,T2_Kitchen
382,9,4822,09.10.21,2021-10-09T08:49:48.612698364,ProximitySensor,Stove_Stove-T5_Table
383,9,4826,09.10.21,2021-10-09T08:50:23.612698364,FloorSensor,T2_Kitchen
384,9,4861,09.10.21,2021-10-09T08:53:19.234018707,FloorSensor,Stove_Stove-T5_Table
385,9,4862,09.10.21,2021-10-09T08:54:00.062445831,PresenceSensor,Chair1_Table
386,9,4997,09.10.21,2021-10-09T09:16:24.269552612,FloorSensor,T4_Kitchen
387,9,4998,09.10.21,2021-10-09T09:16:25.269552612,FloorSensor,T3_Kitchen
388,9,5001,09.10.21,2021-10-09T09:16:39.269552612,FloorSensor,T2_Kitchen
389,9,5007,09.10.21,2021-10-09T09:17:07.269552612,ProximitySensor,Stove_Stove-T5_Table
390,9,5008,09.10.21,2021-10-09T09:17:08.269552612,FloorSensor,T1_Stove
391,9,5009,09.10.21,2021-10-09T09:18:14.305086517,FloorSensor,T4_Kitchen
392,9,5010,09.10.21,2021-10-09T09:18:15.512193298,FloorSensor,T3_Kitchen
393,9,5011,09.10.21,2021-10-09T09:22:30.133513641,FloorSensor,T2_Kitchen
394,9,5012,09.10.21,2021-10-09T09:22:31.340620422,ProximitySensor,Stove_Stove-T5_Table
395,9,5014,09.10.21,2021-10-09T09:27:44.376154327,FloorSensor,T4_Kitchen
396,9,5015,09.10.21,2021-10-09T09:27:45.583261108,PresenceSensor,Chair1_Table
397,9,5017,09.10.21,2021-10-09T09:28:15.033008575,FloorSensor,T3_Kitchen
398,9,5018,09.10.21,2021-10-09T09:28:31.240115356,FloorSensor,T2_Kitchen
399,9,5021,09.10.21,2021-10-09T09:29:22.861435699,FloorSensor,T3_Kitchen
400,9,5022,09.10.21,2021-10-09T09:29:41.689862823,PresenceSensor,Chair1_Table
401,9,5023,09.10.21,2021-10-09T09:29:46.518289947,PresenceSensor,Door1_Bedroom
402,9,5024,09.10.21,2021-10-09T09:29:53.553823852,PresenceSensor,Door2_Bathroom
403,9,5026,09.10.21,2021-10-09T09:39:29.760930633,FloorSensor,T9_Bathroom-Bed_Bed-Window3_Bedroom-T7_Closet
404,9,5208,09.10.21,2021-10-09T09:49:32.417784881,FloorSensor,T10_Bed
405,9,5209,09.10.21,2021-10-09T09:49:38.867532348,FloorSensor,T9_Bathroom-Bed_Bed-Window3_Bedroom-T7_Closet
406,10,5309,10.10.21,2021-10-10T08:30:00.000000000,FloorSensor,T10_Bed
407,10,5310,10.10.21,2021-10-10T08:30:01.500000000,FloorSensor,T11_Bed-Window5_Bedroom-T8_Window
408,10,5370,10.10.21,2021-10-10T08:33:18.328427124,PresenceSensor,Door2_Bathroom
409,10,5372,10.10.21,2021-10-10T08:40:07.949747467,FloorSensor,T11_Bed-Window5_Bedroom-T8_Window
410,10,5373,10.10.21,2021-10-10T08:40:11.985281372,PresenceSensor,Door1_Bedroom
411,10,5374,10.10.21,2021-10-10T08:40:18.435028839,FloorSensor,T4_Kitchen
412,10,5375,10.10.21,2021-10-10T08:40:19.642135620,FloorSensor,T3_Kitchen
413,10,5376,10.10.21,2021-10-10T08:40:21.642135620,FloorSensor,T2_Kitchen
414,10,5396,10.10.21,2021-10-10T08:42:18.470562744,ProximitySensor,Stove_Stove-T5_Table
415,10,5397,10.10.21,2021-10-10T08:42:19.470562744,FloorSensor,T1_Stove
416,10,5398,10.10.21,2021-10-10T08:42:37.091883087,ProximitySensor,Stove_Stove-T5_Table
417,10,5399,10.10.21,2021-10-10T08:42:38.298989868,FloorSensor,T2_Kitchen
418,10,5407,10.10.21,2021-10-10T08:43:14.298989868,ProximitySensor,Stove_Stove-T5_Table
419,10,5412,10.10.21,2021-10-10T08:44:03.298989868,FloorSensor,T2_Kitchen
420,10,5428,10.10.21,2021-10-10T08:45:58.920310211,FloorSensor,T3_Kitchen
421,10,5429,10.10.21,2021-10-10T08:46:25.748737335,FloorSensor,T2_Kitchen
422,10,5433,10.10.21,2021-10-10T08:46:41.955844116,FloorSensor,T3_Kitchen
423,10,5434,10.10.21,2021-10-10T08:46:42.955844116,FloorSensor,T4_Kitchen
424,10,5436,10.10.21,2021-10-10T08:47:24.612698364,FloorSensor,T2_Kitchen
425,10,5441,10.10.21,2021-10-10T08:47:47.612698364,ProximitySensor,Stove_Stove-T5_Table
426,10,5460,10.10.21,2021-10-10T08:50:56.612698364,FloorSensor,T2_Kitchen
427,10,5461,10.10.21,2021-10-10T08:50:57.612698364,ProximitySensor,Stove_Stove-T5_Table
428,10,5464,10.10.21,2021-10-10T08:51:22.612698364,FloorSensor,T2_Kitchen
429,10,5489,10.10.21,2021-10-10T08:53:31.234018707,FloorSensor,Stove_Stove-T5_Table
430,10,5490,10.10.21,2021-10-10T08:53:58.062445831,PresenceSensor,Chair1_Table
431,10,5574,10.10.21,2021-10-10T09:07:54.269552612,FloorSensor,T4_Kitchen
432,10,5575,10.10.21,2021-10-10T09:07:55.269552612,FloorSensor,T3_Kitchen
433,10,5578,10.10.21,2021-10-10T09:08:09.269552612,FloorSensor,T2_Kitchen
434,10,5584,10.10.21,2021-10-10T09:08:35.269552612,ProximitySensor,Stove_Stove-T5_Table
435,10,5585,10.10.21,2021-10-10T09:08:36.269552612,FloorSensor,T1_Stove
436,10,5586,10.10.21,2021-10-10T09:09:23.305086517,FloorSensor,T4_Kitchen
437,10,5587,10.10.21,2021-10-10T09:09:24.512193298,FloorSensor,T3_Kitchen
438,10,5588,10.10.21,2021-10-10T09:13:28.133513641,FloorSensor,T2_Kitchen
439,10,5589,10.10.21,2021-10-10T09:13:29.340620422,ProximitySensor,Stove_Stove-T5_Table
440,10,5591,10.10.21,2021-10-10T09:17:41.376154327,FloorSensor,T4_Kitchen
441,10,5592,10.10.21,2021-10-10T09:17:42.583261108,PresenceSensor,Chair1_Table
442,10,5594,10.10.21,2021-10-10T09:18:13.033008575,FloorSensor,T3_Kitchen
443,10,5595,10.10.21,2021-10-10T09:18:25.240115356,FloorSensor,T2_Kitchen
444,10,5598,10.10.21,2021-10-10T09:19:16.861435699,FloorSensor,T3_Kitchen
445,10,5599,10.10.21,2021-10-10T09:19:33.689862823,PresenceSensor,Chair1_Table
446,10,5600,10.10.21,2021-10-10T09:19:38.518289947,PresenceSensor,Door1_Bedroom
447,10,5601,10.10.21,2021-10-10T09:19:45.553823852,PresenceSensor,Door2_Bathroom
448,10,5603,10.10.21,2021-10-10T09:26:31.760930633,FloorSensor,T9_Bathroom-Bed_Bed-Window3_Bedroom-T7_Closet
449,10,5758,10.10.21,2021-10-10T09:35:04.417784881,FloorSensor,T10_Bed
450,10,5759,10.10.21,2021-10-10T09:35:10.867532348,FloorSensor,T9_Bathroom-Bed_Bed-Window3_Bedroom-T7_Closet
451,11,5882,11.10.21,2021-10-11T08:30:00.000000000,FloorSensor,T10_Bed
452,11,5883,11.10.21,2021-10-11T08:30:01.500000000,FloorSensor,T11_Bed-Window5_Bedroom-T8_Window
453,11,5923,11.10.21,2021-10-11T08:32:14.328427124,PresenceSensor,Door2_Bathroom
454,11,5925,11.10.21,2021-10-11T08:36:02.949747467,FloorSensor,T11_Bed-Window5_Bedroom-T8_Window
455,11,5926,11.10.21,2021-10-11T08:36:06.985281372,PresenceSensor,Door1_Bedroom
456,11,5927,11.10.21,2021-10-11T08:36:13.435028839,FloorSensor,T4_Kitchen
457,11,5928,11.10.21,2021-10-11T08:36:14.642135620,FloorSensor,T3_Kitchen
458,11,5929,11.10.21,2021-10-11T08:36:16.642135620,FloorSensor,T2_Kitchen
459,11,5949,11.10.21,2021-10-11T08:38:13.470562744,ProximitySensor,Stove_Stove-T5_Table
460,11,5950,11.10.21,2021-10-11T08:38:14.470562744,FloorSensor,T1_Stove
461,11,5951,11.10.21,2021-10-11T08:38:32.091883087,ProximitySensor,Stove_Stove-T5_Table
462,11,5952,11.10.21,2021-10-11T08:38:33.298989868,FloorSensor,T2_Kitchen
463,11,5960,11.10.21,2021-10-11T08:39:11.298989868,ProximitySensor,Stove_Stove-T5_Table
464,11,5965,11.10.21,2021-10-11T08:39:59.298989868,FloorSensor,T2_Kitchen
465,11,5980,11.10.21,2021-10-11T08:41:41.920310211,FloorSensor,T3_Kitchen
466,11,5981,11.10.21,2021-10-11T08:42:15.748737335,FloorSensor,T2_Kitchen
467,11,5984,11.10.21,2021-10-11T08:42:29.955844116,FloorSensor,T3_Kitchen
468,11,5985,11.10.21,2021-10-11T08:42:30.955844116,FloorSensor,T4_Kitchen
469,11,5987,11.10.21,2021-10-11T08:43:18.612698364,FloorSensor,T2_Kitchen
470,11,5994,11.10.21,2021-10-11T08:43:52.612698364,ProximitySensor,Stove_Stove-T5_Table
471,11,6009,11.10.21,2021-10-11T08:46:21.612698364,FloorSensor,T2_Kitchen
472,11,6010,11.10.21,2021-10-11T08:46:22.612698364,ProximitySensor,Stove_Stove-T5_Table
473,11,6014,11.10.21,2021-10-11T08:46:59.612698364,FloorSensor,T2_Kitchen
474,11,6045,11.10.21,2021-10-11T08:49:35.234018707,FloorSensor,Stove_Stove-T5_Table
475,11,6046,11.10.21,2021-10-11T08:50:01.062445831,PresenceSensor,Chair1_Table
476,11,6119,11.10.21,2021-10-11T09:02:01.269552612,FloorSensor,T4_Kitchen
477,11,6120,11.10.21,2021-10-11T09:02:02.269552612,FloorSensor,T3_Kitchen
478,11,6123,11.10.21,2021-10-11T09:02:16.269552612,FloorSensor,T2_Kitchen
479,11,6128,11.10.21,2021-10-11T09:02:38.269552612,ProximitySensor,Stove_Stove-T5_Table
480,11,6129,11.10.21,2021-10-11T09:02:39.269552612,FloorSensor,T1_Stove
481,11,6130,11.10.21,2021-10-11T09:03:34.305086517,FloorSensor,T4_Kitchen
482,11,6131,11.10.21,2021-10-11T09:03:35.512193298,FloorSensor,T3_Kitchen
483,11,6132,11.10.21,2021-10-11T09:06:59.133513641,FloorSensor,T2_Kitchen
484,11,6133,11.10.21,2021-10-11T09:07:00.340620422,ProximitySensor,Stove_Stove-T5_Table
485,11,6135,11.10.21,2021-10-11T09:10:16.376154327,FloorSensor,T4_Kitchen
486,11,6136,11.10.21,2021-10-11T09:10:17.583261108,PresenceSensor,Chair1_Table
487,11,6138,11.10.21,2021-10-11T09:10:51.033008575,FloorSensor,T3_Kitchen
488,11,6139,11.10.21,2021-10-11T09:11:02.240115356,FloorSensor,T2_Kitchen
489,11,6142,11.10.21,2021-10-11T09:12:01.861435699,FloorSensor,T3_Kitchen
490,11,6143,11.10.21,2021-10-11T09:12:18.689862823,PresenceSensor,Chair1_Table
491,11,6144,11.10.21,2021-10-11T09:12:23.518289947,PresenceSensor,Door1_Bedroom
492,11,6145,11.10.21,2021-10-11T09:12:30.553823852,PresenceSensor,Door2_Bathroom
493,11,6147,11.10.21,2021-10-11T09:21:24.760930633,FloorSensor,T9_Bathroom-Bed_Bed-Window3_Bedroom-T7_Closet
494,11,6281,11.10.21,2021-10-11T09:28:48.417784881,FloorSensor,T10_Bed
495,11,6282,11.10.21,2021-10-11T09:28:54.867532348,FloorSensor,T9_Bathroom-Bed_Bed-Window3_Bedroom-T7_Closet
496,12,6389,12.10.21,2021-10-12T08:30:00.000000000,FloorSensor,T10_Bed
497,12,6390,12.10.21,2021-10-12T08:30:01.500000000,FloorSensor,T11_Bed-Window5_Bedroom-T8_Window
498,12,6472,12.10.21,2021-10-12T08:34:33.328427124,PresenceSensor,Door2_Bathroom
499,12,6474,12.10.21,2021-10-12T08:38:22.949747467,FloorSensor,T11_Bed-Window5_Bedroom-T8_Window
500,12,6475,12.10.21,2021-10-12T08:38:26.985281372,PresenceSensor,Door1_Bedroom
501,12,6476,12.10.21,2021-10-12T08:38:33.435028839,FloorSensor,T4_Kitchen
502,12,6477,12.10.21,2021-10-12T08:38:34.642135620,FloorSensor,T3_Kitchen
503,12,6478,12.10.21,2021-10-12T08:38:36.642135620,FloorSensor,T2_Kitchen
504,12,6498,12.10.21,2021-10-12T08:40:27.470562744,ProximitySensor,Stove_Stove-T5_Table
505,12,6499,12.10.21,2021-10-12T08:40:28.470562744,FloorSensor,T1_Stove
506,12,6500,12.10.21,2021-10-12T08:40:44.091883087,ProximitySensor,Stove_Stove-T5_Table
507,12,6501,12.10.21,2021-10-12T08:40:45.298989868,FloorSensor,T2_Kitchen
508,12,6509,12.10.21,2021-10-12T08:41:25.298989868,ProximitySensor,Stove_Stove-T5_Table
509,12,6514,12.10.21,2021-10-12T08:42:14.298989868,FloorSensor,T2_Kitchen
510,12,6529,12.10.21,2021-10-12T08:44:00.920310211,FloorSensor,T3_Kitchen
511,12,6530,12.10.21,2021-10-12T08:44:36.748737335,FloorSensor,T2_Kitchen
512,12,6534,12.10.21,2021-10-12T08:44:52.955844116,FloorSensor,T3_Kitchen
513,12,6535,12.10.21,2021-10-12T08:44:53.955844116,FloorSensor,T4_Kitchen
514,12,6537,12.10.21,2021-10-12T08:45:43.612698364,FloorSensor,T2_Kitchen
515,12,6544,12.10.21,2021-10-12T08:46:15.612698364,ProximitySensor,Stove_Stove-T5_Table
516,12,6560,12.10.21,2021-10-12T08:48:46.612698364,FloorSensor,T2_Kitchen
517,12,6561,12.10.21,2021-10-12T08:48:55.612698364,ProximitySensor,Stove_Stove-T5_Table
518,12,6564,12.10.21,2021-10-12T08:49:17.612698364,FloorSensor,T2_Kitchen
519,12,6593,12.10.21,2021-10-12T08:51:46.234018707,FloorSensor,Stove_Stove-T5_Table
520,12,6594,12.10.21,2021-10-12T08:52:14.062445831,PresenceSensor,Chair1_Table
521,12,6671,12.10.21,2021-10-12T09:05:03.269552612,FloorSensor,T4_Kitchen
522,12,6672,12.10.21,2021-10-12T09:05:04.269552612,FloorSensor,T3_Kitchen
523,12,6675,12.10.21,2021-10-12T09:05:19.269552612,FloorSensor,T2_Kitchen
524,12,6680,12.10.21,2021-10-12T09:05:43.269552612,ProximitySensor,Stove_Stove-T5_Table
525,12,6681,12.10.21,2021-10-12T09:05:44.269552612,FloorSensor,T1_Stove
526,12,6682,12.10.21,2021-10-12T09:06:29.305086517,FloorSensor,T4_Kitchen
527,12,6683,12.10.21,2021-10-12T09:06:30.512193298,FloorSensor,T3_Kitchen
528,12,6684,12.10.21,2021-10-12T09:10:14.133513641,FloorSensor,T2_Kitchen
529,12,6685,12.10.21,2021-10-12T09:10:15.340620422,ProximitySensor,Stove_Stove-T5_Table
530,12,6687,12.10.21,2021-10-12T09:14:48.376154327,FloorSensor,T4_Kitchen
531,12,6688,12.10.21,2021-10-12T09:14:49.583261108,PresenceSensor,Chair1_Table
532,12,6690,12.10.21,2021-10-12T09:15:16.033008575,FloorSensor,T3_Kitchen
533,12,6691,12.10.21,2021-10-12T09:15:27.240115356,FloorSensor,T2_Kitchen
534,12,6694,12.10.21,2021-10-12T09:16:25.861435699,FloorSensor,T3_Kitchen
535,12,6695,12.10.21,2021-10-12T09:16:41.689862823,PresenceSensor,Chair1_Table
536,12,6696,12.10.21,2021-10-12T09:16:46.518289947,PresenceSensor,Door1_Bedroom
537,12,6697,12.10.21,2021-10-12T09:16:53.553823852,PresenceSensor,Door2_Bathroom
538,12,6699,12.10.21,2021-10-12T09:26:20.760930633,FloorSensor,T9_Bathroom-Bed_Bed-Window3_Bedroom-T7_Closet
539,12,6850,12.10.21,2021-10-12T09:34:41.417784881,FloorSensor,T10_Bed
540,12,6851,12.10.21,2021-10-12T09:34:47.867532348,FloorSensor,T9_Bathroom-Bed_Bed-Window3_Bedroom-T7_Closet
541,13,6957,13.10.21,2021-10-13T08:30:00.000000000,FloorSensor,T10_Bed
542,13,6958,13.10.21,2021-10-13T08:30:01.500000000,FloorSensor,T11_Bed-Window5_Bedroom-T8_Window
543,13,7010,13.10.21,2021-10-13T08:32:57.328427124,PresenceSensor,Door2_Bathroom
544,13,7012,13.10.21,2021-10-13T08:37:11.949747467,FloorSensor,T11_Bed-Window5_Bedroom-T8_Window
545,13,7013,13.10.21,2021-10-13T08:37:15.985281372,PresenceSensor,Door1_Bedroom
546,13,7014,13.10.21,2021-10-13T08:37:22.435028839,FloorSensor,T4_Kitchen
547,13,7015,13.10.21,2021-10-13T08:37:23.642135620,FloorSensor,T3_Kitchen
548,13,7016,13.10.21,2021-10-13T08:37:25.642135620,FloorSensor,T2_Kitchen
549,13,7036,13.10.21,2021-10-13T08:39:25.470562744,ProximitySensor,Stove_Stove-T5_Table
550,13,7037,13.10.21,2021-10-13T08:39:26.470562744,FloorSensor,T1_Stove
551,13,7038,13.10.21,2021-10-13T08:39:40.091883087,ProximitySensor,Stove_Stove-T5_Table
552,13,7039,13.10.21,2021-10-13T08:39:41.298989868,FloorSensor,T2_Kitchen
553,13,7047,13.10.21,2021-10-13T08:40:19.298989868,ProximitySensor,Stove_Stove-T5_Table
554,13,7052,13.10.21,2021-10-13T08:41:09.298989868,FloorSensor,T2_Kitchen
555,13,7066,13.10.21,2021-10-13T08:42:56.920310211,FloorSensor,T3_Kitchen
556,13,7067,13.10.21,2021-10-13T08:43:27.748737335,FloorSensor,T2_Kitchen
557,13,7070,13.10.21,2021-10-13T08:43:39.955844116,FloorSensor,T3_Kitchen
558,13,7071,13.10.21,2021-10-13T08:43:40.955844116,FloorSensor,T4_Kitchen
559,13,7073,13.10.21,2021-10-13T08:44:18.612698364,FloorSensor,T2_Kitchen
560,13,7080,13.10.21,2021-10-13T08:44:49.612698364,ProximitySensor,Stove_Stove-T5_Table
561,13,7095,13.10.21,2021-10-13T08:47:18.612698364,FloorSensor,T2_Kitchen
562,13,7096,13.10.21,2021-10-13T08:47:19.612698364,ProximitySensor,Stove_Stove-T5_Table
563,13,7099,13.10.21,2021-10-13T08:47:48.612698364,FloorSensor,T2_Kitchen
564,13,7134,13.10.21,2021-10-13T08:50:45.234018707,FloorSensor,Stove_Stove-T5_Table
565,13,7135,13.10.21,2021-10-13T08:51:12.062445831,PresenceSensor,Chair1_Table
566,13,7229,13.10.21,2021-10-13T09:06:49.269552612,FloorSensor,T4_Kitchen
567,13,7230,13.10.21,2021-10-13T09:06:50.269552612,FloorSensor,T3_Kitchen
568,13,7233,13.10.21,2021-10-13T09:07:06.269552612,FloorSensor,T2_Kitchen
569,13,7238,13.10.21,2021-10-13T09:07:31.269552612,ProximitySensor,Stove_Stove-T5_Table
570,13,7239,13.10.21,2021-10-13T09:07:32.269552612,FloorSensor,T1_Stove
571,13,7240,13.10.21,2021-10-13T09:08:19.305086517,FloorSensor,T4_Kitchen
572,13,7241,13.10.21,2021-10-13T09:08:20.512193298,FloorSensor,T3_Kitchen
573,13,7242,13.10.21,2021-10-13T09:13:11.133513641,FloorSensor,T2_Kitchen
574,13,7243,13.10.21,2021-10-13T09:13:12.340620422,ProximitySensor,Stove_Stove-T5_Table
575,13,7245,13.10.21,2021-10-13T09:18:00.376154327,FloorSensor,T4_Kitchen
576,13,7246,13.10.21,2021-10-13T09:18:01.583261108,PresenceSensor,Chair1_Table
577,13,7248,13.10.21,2021-10-13T09:18:25.033008575,FloorSensor,T3_Kitchen
578,13,7249,13.10.21,2021-10-13T09:18:36.240115356,FloorSensor,T2_Kitchen
579,13,7252,13.10.21,2021-10-13T09:19:28.861435699,FloorSensor,T3_Kitchen
580,13,7253,13.10.21,2021-10-13T09:19:47.689862823,PresenceSensor,Chair1_Table
581,13,7254,13.10.21,2021-10-13T09:19:52.518289947,PresenceSensor,Door1_Bedroom
582,13,7255,13.10.21,2021-10-13T09:19:59.553823852,PresenceSensor,Door2_Bathroom
583,13,7257,13.10.21,2021-10-13T09:29:10.760930633,FloorSensor,T9_Bathroom-Bed_Bed-Window3_Bedroom-T7_Closet
584,13,7414,13.10.21,2021-10-13T09:37:50.417784881,FloorSensor,T10_Bed
585,13,7415,13.10.21,2021-10-13T09:37:56.867532348,FloorSensor,T9_Bathroom-Bed_Bed-Window3_Bedroom-T7_Closet
586,14,7539,14.10.21,2021-10-14T08:30:00.000000000,FloorSensor,T10_Bed
587,14,7540,14.10.21,2021-10-14T08:30:01.500000000,FloorSensor,T11_Bed-Window5_Bedroom-T8_Window
588,14,7622,14.10.21,2021-10-14T08:34:33.328427124,PresenceSensor,Door2_Bathroom
589,14,7624,14.10.21,2021-10-14T08:39:15.949747467,FloorSensor,T11_Bed-Window5_Bedroom-T8_Window
590,14,7625,14.10.21,2021-10-14T08:39:19.985281372,PresenceSensor,Door1_Bedroom
591,14,7626,14.10.21,2021-10-14T08:39:26.435028839,FloorSensor,T4_Kitchen
592,14,7627,14.10.21,2021-10-14T08:39:27.642135620,FloorSensor,T3_Kitchen
593,14,7628,14.10.21,2021-10-14T08:39:29.642135620,FloorSensor,T2_Kitchen
594,14,7648,14.10.21,2021-10-14T08:41:24.470562744,ProximitySensor,Stove_Stove-T5_Table
595,14,7649,14.10.21,2021-10-14T08:41:25.470562744,FloorSensor,T1_Stove
596,14,7650,14.10.21,2021-10-14T08:41:41.091883087,ProximitySensor,Stove_Stove-T5_Table
597,14,7651,14.10.21,2021-10-14T08:41:42.298989868,FloorSensor,T2_Kitchen
598,14,7659,14.10.21,2021-10-14T08:42:21.298989868,ProximitySensor,Stove_Stove-T5_Table
599,14,7664,14.10.21,2021-10-14T08:43:10.298989868,FloorSensor,T2_Kitchen
600,14,7678,14.10.21,2021-10-14T08:44:44.920310211,FloorSensor,T3_Kitchen
601,14,7679,14.10.21,2021-10-14T08:45:15.748737335,FloorSensor,T2_Kitchen
602,14,7683,14.10.21,2021-10-14T08:45:31.955844116,FloorSensor,T3_Kitchen
603,14,7684,14.10.21,2021-10-14T08:45:32.955844116,FloorSensor,T4_Kitchen
604,14,7686,14.10.21,2021-10-14T08:46:13.612698364,FloorSensor,T2_Kitchen
605,14,7692,14.10.21,2021-10-14T08:46:43.612698364,ProximitySensor,Stove_Stove-T5_Table
606,14,7707,14.10.21,2021-10-14T08:49:11.612698364,FloorSensor,T2_Kitchen
607,14,7708,14.10.21,2021-10-14T08:49:13.612698364,ProximitySensor,Stove_Stove-T5_Table
608,14,7711,14.10.21,2021-10-14T08:49:37.612698364,FloorSensor,T2_Kitchen
609,14,7739,14.10.21,2021-10-14T08:51:58.234018707,FloorSensor,Stove_Stove-T5_Table
610,14,7740,14.10.21,2021-10-14T08:52:21.062445831,PresenceSensor,Chair1_Table
611,14,7806,14.10.21,2021-10-14T09:03:17.269552612,FloorSensor,T4_Kitchen
612,14,7807,14.10.21,2021-10-14T09:03:18.269552612,FloorSensor,T3_Kitchen
613,14,7810,14.10.21,2021-10-14T09:03:30.269552612,FloorSensor,T2_Kitchen
614,14,7815,14.10.21,2021-10-14T09:03:55.269552612,ProximitySensor,Stove_Stove-T5_Table
615,14,7816,14.10.21,2021-10-14T09:03:56.269552612,FloorSensor,T1_Stove
616,14,7817,14.10.21,2021-10-14T09:04:44.305086517,FloorSensor,T4_Kitchen
617,14,7818,14.10.21,2021-10-14T09:04:45.512193298,FloorSensor,T3_Kitchen
618,14,7819,14.10.21,2021-10-14T09:08:18.133513641,FloorSensor,T2_Kitchen
619,14,7820,14.10.21,2021-10-14T09:08:19.340620422,ProximitySensor,Stove_Stove-T5_Table
620,14,7822,14.10.21,2021-10-14T09:12:23.376154327,FloorSensor,T4_Kitchen
621,14,7823,14.10.21,2021-10-14T09:12:24.583261108,PresenceSensor,Chair1_Table
622,14,7825,14.10.21,2021-10-14T09:12:50.033008575,FloorSensor,T3_Kitchen
623,14,7826,14.10.21,2021-10-14T09:13:00.240115356,FloorSensor,T2_Kitchen
624,14,7829,14.10.21,2021-10-14T09:14:01.861435699,FloorSensor,T3_Kitchen
625,14,7830,14.10.21,2021-10-14T09:14:19.689862823,PresenceSensor,Chair1_Table
626,14,7831,14.10.21,2021-10-14T09:14:24.518289947,PresenceSensor,Door1_Bedroom
627,14,7832,14.10.21,2021-10-14T09:14:31.553823852,PresenceSensor,Door2_Bathroom
628,14,7834,14.10.21,2021-10-14T09:23:24.760930633,FloorSensor,T9_Bathroom-Bed_Bed-Window3_Bedroom-T7_Closet
629,14,8010,14.10.21,2021-10-14T09:33:07.417784881,FloorSensor,T10_Bed
630,14,8011,14.10.21,2021-10-14T09:33:13.867532348,FloorSensor,T9_Bathroom-Bed_Bed-Window3_Bedroom-T7_Closet
